<?xml version="1.0" encoding="UTF-8"?>
<!DOCTYPE xml>
<!-- 
   Copyright 2010-2017 Norconex Inc.

   Licensed under the Apache License, Version 2.0 (the "License");
   you may not use this file except in compliance with the License.
   You may obtain a copy of the License at

       http://www.apache.org/licenses/LICENSE-2.0

   Unless required by applicable law or agreed to in writing, software
   distributed under the License is distributed on an "AS IS" BASIS,
   WITHOUT WARRANTIES OR CONDITIONS OF ANY KIND, either express or implied.
   See the License for the specific language governing permissions and
   limitations under the License.
-->
<!-- This configuration shows the minimum required and basic recommendations
     to run a crawler.  
     -->
<httpcollector id="Minimum Config HTTP Collector">

  <!-- Decide where to store generated files. -->
  <progressDir>./examples-output/minimum/progress</progressDir>
  <logsDir>./examples-output/minimum/logs</logsDir>

  <crawlers>
    <crawler id="Norconex Minimum Test Page">

      <!-- Requires at least one start URL (or urlsFile). 
           Optionally limit crawling to same protocol/domain/port as 
           start URLs. -->
      <startURLs stayOnDomain="true" stayOnPort="true" stayOnProtocol="true">
        <url>https://www.norconex.com/product/collector-http-test/minimum.php</url>
      </startURLs>

      <!-- === Recommendations: ============================================ -->

      <!-- Specify a crawler default directory where to generate files. -->
      <workDir>./examples-output/minimum</workDir>

      <!-- Put a maximum depth to avoid infinite crawling (e.g. calendars). -->
      <maxDepth>0</maxDepth>

      <!-- We know we don't want to crawl the entire site, so ignore sitemap. -->
      <sitemapResolverFactory ignore="true" />

      <!-- Be as nice as you can to sites you crawl. -->
      <delay default="5000" />
      
      <!-- Document importing -->
      <importer>
        <postParseHandlers>
          <!-- If your target repository does not support arbitrary fields,
               make sure you only keep the fields you need. -->
          <tagger class="com.norconex.importer.handler.tagger.impl.KeepOnlyTagger">
            <fields>title,keywords,description,document.reference</fields>
          </tagger>
        </postParseHandlers>
      </importer> 
      
      <!-- Decide what to do with your files by specifying a Committer. -->
      <committer class="com.norconex.committer.core.impl.FileSystemCommitter">
        <directory>./examples-output/minimum/crawledFiles</directory>
      </committer>

    </crawler>
  </crawlers>

</httpcollector>