<?xml version="1.0" encoding="UTF-8"?>
<!DOCTYPE xml>
<!-- 
   Copyright 2010-2017 Norconex Inc.

   Licensed under the Apache License, Version 2.0 (the "License");
   you may not use this file except in compliance with the License.
   You may obtain a copy of the License at

       http://www.apache.org/licenses/LICENSE-2.0

   Unless required by applicable law or agreed to in writing, software
   distributed under the License is distributed on an "AS IS" BASIS,
   WITHOUT WARRANTIES OR CONDITIONS OF ANY KIND, either express or implied.
   See the License for the specific language governing permissions and
   limitations under the License.
-->
<httpcollector id="Norconex Complex Collector">

  #set($http = "com.norconex.collector.http")
  #set($core = "com.norconex.collector.core")
  #set($urlNormalizer   = "${http}.url.impl.GenericURLNormalizer")
  #set($filterExtension = "${core}.filter.impl.ExtensionReferenceFilter")
  #set($filterRegexRef  = "${core}.filter.impl.RegexReferenceFilter")
  
  <progressDir>${workdir}/progress</progressDir>
  <logsDir>${workdir}/logs</logsDir>

  <crawlerDefaults>

    <urlNormalizer class="$urlNormalizer" />
    <numThreads>2</numThreads>
    <maxDepth>0</maxDepth>
    <workDir>$workdir</workDir>
    <orphansStrategy>DELETE</orphansStrategy>
    
    <!-- We know we don't want to crawl the entire site, so ignore sitemap. -->
    <sitemapResolverFactory ignore="true" />

    <referenceFilters>
      <filter class="$filterExtension" onMatch="exclude">jpg,gif,png,ico,css,js</filter>
      <filter class="$filterRegexRef">https://www\.norconex\.com/product/collector-http-test/.*</filter>
    </referenceFilters>

  </crawlerDefaults>

  <crawlers>

    <crawler id="Norconex Complex Test Page 1">
      <startURLs>
        <url>https://www.norconex.com/product/collector-http-test/complex1.php</url>
      </startURLs>
      #parse("shared/importer-config.xml")
      <committer class="com.norconex.committer.core.impl.FileSystemCommitter">
        <directory>${workdir}/crawledFiles1</directory>
      </committer>
    </crawler>

    <crawler id="Norconex Complex Test Page 2">
      <startURLs>
        <url>https://www.norconex.com/product/collector-http-test/complex2.php</url>
      </startURLs>
      #parse("shared/importer-config.xml")
      <committer class="com.norconex.committer.core.impl.FileSystemCommitter">
        <directory>${workdir}/crawledFiles2</directory>
      </committer>
    </crawler>

  </crawlers>

</httpcollector>