<?xml version="1.0" encoding="UTF-8"?>
<!DOCTYPE xml>
<!-- 
   Copyright 2010-2017 Norconex Inc.

   Licensed under the Apache License, Version 2.0 (the "License");
   you may not use this file except in compliance with the License.
   You may obtain a copy of the License at

       http://www.apache.org/licenses/LICENSE-2.0

   Unless required by applicable law or agreed to in writing, software
   distributed under the License is distributed on an "AS IS" BASIS,
   WITHOUT WARRANTIES OR CONDITIONS OF ANY KIND, either express or implied.
   See the License for the specific language governing permissions and
   limitations under the License.
-->
<importer>

  <postParseHandlers>
     <tagger class="com.norconex.importer.handler.tagger.impl.ConstantTagger">
       <constant name="SITE">Norconex Test Site</constant>
     </tagger>
     <tagger class="com.norconex.importer.handler.tagger.impl.DeleteTagger">
       <fields>${fieldsToDelete}</fields>
     </tagger>
  </postParseHandlers>
</importer>           
